,images,MorF
0,[150 149 151 ... 149 155 152],F
1,[149 148 150 ... 148 150 152],F
2,[150 150 150 ... 150 151 148],F
3,[150 150 150 ... 150 151 148],F
4,[148 152 150 ... 152 147 153],M
5,[149 151 148 ... 153 149 151],M
6,[151 150 149 ... 150 150 150],F
7,[150 150 150 ... 151 150 150],F
8,[149 150 150 ... 148 150 150],F
9,[150 150 150 ... 151 153 147],M
10,[151 150 149 ... 151 150 151],M
11,[151 149 151 ... 149 149 154],F
12,[150 150 149 ... 150 150 150],M
13,[150 150 149 ... 147 153 145],M
14,[150 151 147 ... 147 151 152],F
15,[150 151 149 ... 153 147 153],F
16,[150 150 150 ... 152 147 152],F
17,[150 150 150 ... 153 144 151],M
18,[149 151 150 ... 149 151 152],M
19,[148 151 149 ... 148 153 150],F
20,[150 150 148 ... 148 151 147],M
21,[150 150 149 ... 150 147 150],F
22,[151 149 149 ... 151 152 151],M
23,[150 149 151 ... 150 150 151],F
24,[150 149 149 ... 149 156 148],F
25,[149 151 149 ... 149 150 152],F
26,[150 149 152 ... 153 150 147],F
27,[150 150 149 ... 152 153 147],M
28,[149 151 149 ... 151 149 151],M
29,[152 148 150 ... 146 158 150],M
30,[149 148 151 ... 148 147 150],M
31,[151 149 150 ... 152 152 149],F
32,[150 149 150 ... 149 154 150],F
33,[150 151 149 ... 151 149 153],M
34,[149 151 149 ... 149 149 153],F
35,[150 151 148 ... 149 151 149],F
36,[150 150 150 ... 151 150 151],M
37,[151 149 150 ... 151 150 153],M
38,[150 150 150 ... 150 150 153],M
39,[149 150 150 ... 150 150 150],F
40,[150 149 150 ... 151 150 147],F
41,[151 149 150 ... 150 150 151],F
42,[150 150 150 ... 148 155 150],F
43,[151 150 150 ... 149 153 147],F
44,[150 152 149 ... 153 151 146],M
45,[149 150 150 ... 150 149 150],M
46,[150 150 150 ... 149 153 147],M
47,[149 151 149 ... 150 154 145],M
48,[149 152 147 ... 151 149 150],M
49,[150 149 151 ... 150 152 153],M
50,[150 152 149 ... 151 148 156],F
51,[150 150 150 ... 147 154 149],M
52,[151 150 150 ... 147 151 150],F
53,[151 149 151 ... 150 150 150],F
54,[150 150 151 ... 147 154 148],F
55,[147 152 150 ... 148 151 149],F
56,[150 151 150 ... 148 149 152],-
57,[150 150 151 ... 149 153 147],F
58,[150 150 147 ... 150 147 153],F
59,[150 150 150 ... 154 144 151],M
60,[149 151 148 ... 150 150 149],M
61,[151 151 151 ... 150 151 149],F
62,[150 149 151 ... 150 149 151],M
63,[150 151 147 ... 149 155 146],M
64,[150 151 148 ... 150 153 150],M
65,[150 150 150 ... 149 146 154],-
66,[150 150 150 ... 147 156 153],M
67,[148 151 148 ... 150 150 150],F
68,[149 151 149 ... 151 152 148],F
69,[151 149 151 ... 150 151 151],F
70,[150 149 149 ... 150 149 149],M
71,[151 151 150 ... 152 151 149],F
72,[150 151 149 ... 150 150 150],F
73,[149 150 150 ... 149 152 148],M
74,[150 151 148 ... 150 151 149],M
75,[149 151 150 ... 150 150 150],M
76,[150 150 150 ... 151 149 151],M
77,[150 148 152 ... 150 150 150],F
78,[150 150 150 ... 151 153 145],F
79,[150 150 150 ... 150 152 146],F
80,[149 152 149 ... 148 147 148],F
81,[152 147 150 ... 150 154 145],F
82,[149 151 147 ... 149 150 147],F
83,[150 149 151 ... 151 150 149],F
84,[150 151 149 ... 150 150 150],M
85,[150 150 150 ... 149 151 149],M
86,[149 151 150 ... 149 152 149],F
87,[150 150 151 ... 152 147 151],F
88,[150 151 147 ... 149 149 150],F
89,[150 150 150 ... 151 149 152],M
90,[149 150 150 ... 150 150 150],F
91,[150 150 150 ... 153 152 150],F
92,[149 151 148 ... 149 150 153],F
93,[150 151 149 ... 149 150 152],F
94,[151 149 150 ... 149 153 150],F
